PC,Proportion.Variance.Explained
1,0.0152713632171026
2,0.007662480905642906
3,0.005230525705201837
4,0.003244542896709075
5,0.0023042908787932687
6,0.0016713859642197603
7,0.0014395881389590482
8,0.001384908268030611
9,0.0011894951695429602
10,0.0010522755835223846
